00151,Lécluse,1
00152,Olonzac,1
00153,Cussey-sur-l'Ognon,1
00154,Aumale,1
00155,Gouy-sous-Bellonne,1
00156,Bessé-sur-Braye,1
00157,Incheville,1
00158,Gamaches,1
00159,Entre-deux-Guiers,1
00160,Sablons,1
00161,Arleux,1
00162,Blangy-sur-Bresle,1
00163,Vayrac,1
00164,Saint-Georges-sur-Cher,1
00165,Seyssel,1
00166,Saint-Ouen-de-Thouberville,1
00167,Châtenois-les-Forges,1
00251,Pontacq,2
00252,Plestin-les-Grèves,2
00253,Ivry-la-Bataille,2
00254,Montréjeau,2
00255,Descartes,2
00256,Chazelles-sur-Lyon,2
00257,Chauffailles,2
00258,Chagny,2
00259,Castillon-la-Bataille,2
00260,Aire-sur-l'Adour,2
00261,Terrasson-Lavilledieu,2
00262,Raon-l'Étape,2
00263,Condé-en-Normandie,2
00264,Beaucourt,2
00265,Le Malesherbois,2
00266,Souppes-sur-Loing,2
00267,Carhaix-Plouguer,2
00268,Saint-Rambert-d'Albon,2
00269,Pontcharra,2
00270,Digoin,2
00351,Brassac-les-Mines,3
00352,Montpon-Ménestérol,3
00353,Saint-Vallier,3
00354,Épernon,3
00355,Ézy-sur-Eure,3
00356,Saint-Lubin-des-Joncherets-Nonancourt,3
00357,Gisors,3
00358,Allevard,3
00359,Eu,3
00360,Valserhône,3
00361,Le Grau-du-Roi,3
00362,Clisson,3
00451,Belleville-en-Beaujolais,4
00452,Esch-sur-Alzette (LUX)-Villerupt (partie française),4
00453,Le Pont-de-Beauvoisin,4
00454,Honfleur,4
00455,Jœuf,4
00456,Redon,4
00457,Saint-Laurent-de-la-Salanque,4
00458,Marmande,4
00459,Tournon-sur-Rhône,4
00460,Saint-Dizier,4
00461,Beaucaire,4
00462,Dinard,4
00463,Persan-Beaumont-sur-Oise,4
00464,Alençon,4
00465,Sallanches,4
00551,Lunel,5
00552,Arles,5
00553,Montélimar,5
00554,Mâcon,5
00555,Bergerac,5
00556,Saint-Omer,5
00557,Brive-la-Gaillarde,5
00558,Belfort,5
00559,Vienne,5
00651,Montbéliard,6
00652,Valence,6
00653,Genève (SUI)-Annemasse (partie française),6
00751,Bayonne (partie française),7
00752,Béthune,7
00753,Saint-Étienne,7
00754,Avignon,7
00755,Rouen,7
00756,Douai-Lens,7
00757,Toulon,7
00758,Toulouse,7
00759,Marseille-Aix-en-Provence,7
00760,Lyon,7
00851,Paris,8
01101,Saint-Martin-du-Frêne,1
01102,Échenevex,1
01103,Versonnex,1
01104,Châtillon-la-Palud,1
01105,Chalamont,1
01106,Polliat,1
01107,Saint-Maurice-de-Gourdans,1
01108,Buellas,1
01109,Vonnas,1
01110,Pont-d'Ain,1
01111,Culoz,1
01112,Loyettes,1
01113,Attignat,1
01114,Feillens,1
01115,Saint-André-de-Corcy,1
01116,Montagnat,1
01117,Villieu-Loyes-Mollon,1
01118,Péron,1
01119,Montrevel-en-Bresse,1
01120,Replonges,1
01121,Jujurieux,1
01122,Crozet,1
01123,Ceyzériat,1
01124,Nantua,1
01125,Pont-de-Vaux,1
01126,Crottet-Pont-de-Veyle,1
01127,Saint-Didier-sur-Chalaronne-Thoissey,1
01128,Villars-les-Dombes,1
01129,Plateau d'Hauteville,1
01130,Châtillon-sur-Chalaronne,1
01201,Bâgé-Dommartin,2
01202,Béligneux,2
01203,Montréal-la-Cluse,2
01204,Lagnieu,2
01205,Divonne-les-Bains (partie française),2
01301,Belley,3
01302,Meximieux,3
01303,Ambérieu-en-Bugey,3
01401,Gex,4
01402,Oyonnax,4
01501,Bourg-en-Bresse,5
02101,Vailly-sur-Aisne,1
02102,Sissonne,1
02103,La Ferté-Milon,1
02104,Braine,1
02105,Nesles-la-Montagne,1
02106,Marle,1
02107,Saint-Gobain,1
02108,Venizel,1
02109,Le Nouvion-en-Thiérache,1
02110,Villeneuve-sur-Aisne,1
02111,Montescourt-Lizerolles,1
02112,Fresnoy-le-Grand,1
02113,Fère-en-Tardenois,1
02114,Origny-Sainte-Benoite,1
02115,Étreux,1
02116,Saint-Michel,1
02117,Vervins,1
02118,Pinon,1
02119,Guise,1
02201,Bohain-en-Vermandois,2
02202,Charly-sur-Marne,2
02203,Hirson,2
02301,Villers-Cotterêts,3
02302,Chauny,3
02401,Château-Thierry,4
02402,Tergnier,4
02403,Laon,4
02404,Soissons,4
02501,Saint-Quentin,5
03101,Néris-les-Bains,1
03102,Bourbon-l'Archambault,1
03103,Dompierre-sur-Besbre,1
03104,Varennes-sur-Allier,1
03105,Lapalisse,1
03106,Saint-Germain-des-Fossés,1
03201,Saint-Pourçain-sur-Sioule,2
03202,Gannat,2
03203,Commentry,2
03401,Moulins,4
03501,Montluçon,5
03502,Vichy,5
04101,Aiglun,1
04102,Gréoux-les-Bains,1
04103,Peyruis,1
04104,Volx,1
04105,Valensole,1
04106,Barcelonnette,1
04107,Les Mées,1
04108,Villeneuve,1
04201,Forcalquier,2
04202,Oraison,2
04203,Château-Arnoux-Saint-Auban,2
04204,Sisteron,2
04301,Digne-les-Bains,3
04401,Manosque,4
05101,L'Argentière-la-Bessée,1
05102,Tallard,1
05103,Chorges,1
05104,Guillestre,1
05105,Veynes,1
05106,Laragne-Montéglin,1
05201,Embrun,2
05301,Briançon,3
05401,Gap,4
06101,Breil-sur-Roya,1
06102,L'Escarène,1
06103,Saint-Martin-du-Var,1
06104,Roquebillière,1
06105,Saint-Vallier-de-Thiey,1
06106,Sospel,1
06107,Saint-Cézaire-sur-Siagne,1
06108,Levens,1
06501,Menton-Monaco (partie française),5
06701,Nice,7
07101,Lavilledieu,1
07102,Lamastre,1
07103,Lalevade-d'Ardèche,1
07104,Villeneuve-de-Berg,1
07105,Cruas,1
07106,Vallon-Pont-d'Arc,1
07107,Le Cheylard,1
07108,Viviers,1
07109,Chomérac,1
07110,Peaugres,1
07111,Saint-Julien-en-Saint-Alban,1
07112,Le Pouzin,1
07113,Les Vans,1
07114,Ruoms,1
07201,Bourg-Saint-Andéol,2
07202,La Voulte-sur-Rhône,2
07203,Charmes-sur-Rhône,2
07301,Privas,3
07401,Annonay,4
07402,Aubenas,4
08101,Donchery,1
08102,Monthermé,1
08103,Rocroi,1
08104,Vireux-Wallerand,1
08105,Carignan,1
08106,Vouziers,1
08201,Nouvion-sur-Meuse,2
08202,Fumay,2
08203,Bogny-sur-Meuse,2
08204,Revin,2
08205,Vrigne aux Bois,2
08206,Nouzonville,2
08207,Givet,2
08208,Rethel,2
08401,Sedan,4
08501,Charleville-Mézières,5
09101,Laroque-d'Olmes,1
09102,Montgailhard,1
09103,Mirepoix,1
09104,La Tour-du-Crieu,1
09105,Mazères,1
09106,Saverdun,1
09201,Tarascon-sur-Ariège,2
09202,Lavelanet,2
09203,Saint-Girons,2
09301,Foix,3
09401,Pamiers,4
10101,Marigny-le-Châtel,1
10102,Lusigny-sur-Barse,1
10103,Vendeuvre-sur-Barse,1
10104,Villenauxe-la-Grande,1
10105,Saint-Lyé,1
10106,Bar-sur-Seine,1
10107,Brienne-le-Château,1
10108,Arcis-sur-Aube,1
10109,Aix-Villemaur-Pâlis,1
10201,Bar-sur-Aube,2
10202,Nogent-sur-Seine,2
10301,Romilly-sur-Seine,3
10601,Troyes,6
11101,Argeliers,1
11102,Canet,1
11103,Palaja,1
11104,Ouveillan,1
11105,Pennautier,1
11106,Vinassan,1
11107,Sallèles-d'Aude,1
11108,Rieux-Minervois,1
11109,Bram,1
11110,Conques-sur-Orbiel,1
11111,Quillan,1
11112,Cuxac-d'Aude,1
11113,Saint-Nazaire-d'Aude,1
11114,Espéraza,1
11201,Gruissan,2
11202,Sigean,2
11203,Port-la-Nouvelle,2
11204,Trèbes,2
11205,Coursan,2
11206,Villemoustaussou,2
11207,Fleury,2
11301,Lézignan-Corbières,3
11302,Limoux,3
11303,Castelnaudary,3
11401,Carcassonne,4
11501,Narbonne,5
12101,Laissac-Sévérac l'Église,1
12102,Valady,1
12103,Baraqueville,1
12104,Sébazac-Concourès,1
12105,Sévérac d'Aveyron,1
12106,Capdenac-Gare,1
12201,Espalion,2
12202,Saint-Affrique,2
12301,Villefranche-de-Rouergue,3
12302,Decazeville,3
12401,Millau,4
12402,Rodez,4
13101,Saintes-Maries-de-la-Mer,1
13102,Orgon,1
13103,Mouriès,1
13104,Fontvieille,1
13105,Coudoux,1
13106,Meyrargues,1
13107,Maussane-les-Alpilles,1
13108,Rognes,1
13201,Cuges-les-Pins,2
13202,Le Rove,2
13203,La Roque-d'Anthéron,2
13204,Ensuès-la-Redonne,2
13205,Saint-Cannat,2
13206,Le Puy-Sainte-Réparade,2
13207,Carnoux-en-Provence,2
13208,Sénas,2
13209,Eyguières,2
13210,Port-Saint-Louis-du-Rhône,2
13211,La Fare-les-Oliviers,2
13212,Lançon-Provence,2
13213,Peyrolles-en-Provence,2
13214,Lambesc,2
13301,Cassis,3
13302,Saint-Rémy-de-Provence,3
13303,Mallemort,3
13304,Saint-Martin-de-Crau,3
13305,Sausset-les-Pins-Carry-le-Rouet,3
13501,Salon-de-Provence,5
14101,Potigny,1
14102,Mathieu,1
14103,Cairon,1
14104,Dozulé,1
14105,Louvigny,1
14106,Orbec,1
14107,Le Molay-Littry,1
14108,Évrecy,1
14109,Colleville-Montgomery,1
14110,Thury-Harcourt-le-Hom,1
14111,Villers-Bocage,1
14112,Troarn,1
14113,Frénouville,1
14114,Ranville,1
14115,Courseulles-sur-Mer,1
14116,Les Monts d'Aunay,1
14201,Douvres-la-Délivrande-Luc-sur-Mer,2
14202,Pont-l'Évêque,2
14203,Hermanville-sur-Mer,2
14204,Thue et Mue,2
14205,Livarot-Pays-d'Auge,2
14206,Saint-Martin-de-Fontenay,2
14207,Saint-Pierre-en-Auge,2
14208,Blainville-sur-Orne,2
14209,Falaise,2
14210,Argences,2
14211,Ouistreham,2
14212,Luc-sur-Mer,2
14213,Mézidon Vallée d'Auge,2
14301,Vire Normandie,3
14302,Bayeux,3
14401,Lisieux,4
14402,Dives-sur-Mer,4
14701,Caen,7
15101,Riom-ès-Montagnes,1
15102,Ydes,1
15103,Maurs,1
15104,Mauriac,1
15201,Saint-Flour,2
15401,Aurillac,4
16101,Mansle,1
16102,Confolens,1
16103,Chasseneuil-sur-Bonnieure,1
16104,Châteauneuf-sur-Charente,1
16105,Ruffec,1
16106,La Rochefoucauld-en-Angoumois,1
16107,Barbezieux-Saint-Hilaire,1
16108,Jarnac,1
16401,Cognac,4
16601,Angoulême,6
17101,Saint-Denis-d'Oléron,1
17102,Esnandes,1
17103,Saint-Laurent-de-la-Prée,1
17104,Matha,1
17105,Saint-Rogatien,1
17106,Villedoux,1
17107,Le Bois-Plage-en-Ré,1
17108,Rivedoux-Plage,1
17109,Saint-Trojan-les-Bains,1
17110,La Jarne,1
17111,Saint-Agnant,1
17112,Médis,1
17113,Breuillet,1
17114,Port-des-Barques,1
17115,Soubise,1
17116,Marsilly,1
17117,Dolus-d'Oléron,1
17118,La Jarrie,1
17119,Sainte-Marie-de-Ré,1
17120,Montendre,1
17121,Saint-Georges-d'Oléron,1
17122,Fouras,1
17123,Aigrefeuille-d'Aunis,1
17124,Pons,1
17125,Le Château-d'Oléron,1
17126,Ars-en-Ré,1
17127,Marans,1
17128,Sainte-Soulle,1
17129,Saint-Xandre,1
17130,La Flotte,1
17201,Jonzac,2
17202,Saint-Pierre-d'Oléron,2
17203,Surgères,2
17204,Saujon,2
17205,Saint-Jean-d'Angély,2
17206,Marennes-Hiers-Brouage,2
17301,La Tremblade,3
17401,Saintes,4
17402,Rochefort,4
17403,Royan,4
17601,La Rochelle,6
18101,Sancerre,1
18102,Léré,1
18103,Sancoins,1
18104,La Guerche-sur-l'Aubois,1
18105,Avord,1
18106,Dun-sur-Auron,1
18107,Trouy,1
18201,Aubigny-sur-Nère,2
18202,Saint-Florent-sur-Cher,2
18203,Mehun-sur-Yèvre,2
18301,Saint-Amand-Montrond,3
18401,Vierzon,4
18501,Bourges,5
19101,Donzenac,1
19102,Bort-les-Orgues,1
19103,Uzerche,1
19104,Argentat-sur-Dordogne,1
19105,Égletons,1
19106,Objat,1
19201,Allassac,2
19202,Ussel,2
19401,Tulle,4
21101,Brazey-en-Plaine,1
21102,Selongey,1
21103,Saulieu,1
21104,Arc-sur-Tille,1
21105,Seurre,1
21106,Saint-Jean-de-Losne,1
21107,Venarey-les-Laumes,1
21108,Semur-en-Auxois,1
21109,Saint-Julien,1
21110,Gevrey-Chambertin,1
21201,Genlis,2
21202,Châtillon-sur-Seine,2
21203,Montbard,2
21204,Nuits-Saint-Georges,2
21205,Is-sur-Tille,2
21206,Auxonne,2
21401,Beaune,4
21701,Dijon,7
22101,Quintin,1
22102,Broons,1
22103,Merdrignac,1
22104,Rostrenen,1
22105,Plouézec,1
22106,Saint-Cast-le-Guildo,1
22107,Plouaret,1
22108,Plouër-sur-Rance,1
22109,Trébeurden,1
22110,Plémet,1
22111,Lanvollon,1
22112,La Roche-Jaudy,1
22113,Pommeret,1
22114,Châtelaudren-Plouagat,1
22115,Erquy,1
22116,Plœuc-L'Hermitage,1
22117,Pléneuf-Val-André,1
22118,Plouha,1
22119,Bégard,1
22201,Plancoët,2
22202,Plaintel,2
22203,Tréguier,2
22204,Plédran,2
22205,Pordic,2
22206,Loudéac,2
22301,Binic-Étables-sur-Mer,3
22302,Lamballe-Armor,3
22303,Paimpol,3
22401,Guingamp,4
22402,Dinan,4
22403,Lannion,4
22501,Saint-Brieuc,5
23101,Bourganeuf,1
23102,Aubusson,1
23201,La Souterraine,2
23301,Guéret,3
24101,Excideuil,1
24102,Montcaret,1
24103,Le Bugue,1
24104,Eymet,1
24105,Montignac-Lascaux,1
24106,Le Lardin-Saint-Lazare,1
24107,Neuvic,1
24108,Razac-sur-l'Isle,1
24109,Nontron,1
24110,Thiviers,1
24111,Ribérac,1
24112,Lalinde,1
24201,Saint-Astier,2
24202,Mussidan,2
24203,Sarlat-la-Canéda,2
24501,Périgueux,5
25101,Colombier-Fontaine,1
25102,Goux-les-Usiers,1
25103,Arcey,1
25104,Le Russey,1
25105,Montferrand-le-Château,1
25106,Les Auxons,1
25107,Charquemont,1
25108,L'Isle-sur-le-Doubs,1
25109,Saône,1
25110,Ornans,1
25111,Roche-lez-Beaupré,1
25112,Maîche,1
25113,Saint-Vit,1
25114,Villers-le-Lac,1
25201,Baume-les-Dames,2
25202,Valdahon,2
25203,Pont-de-Roide-Vermondans,2
25204,Pouilley-les-Vignes,2
25301,Morteau,3
25401,Pontarlier,4
25601,Besançon,6
26101,Suze-la-Rousse,1
26102,Buis-les-Baronnies,1
26103,Allex,1
26104,Saint-Jean-en-Royans,1
26105,Anneyron,1
26106,Dieulefit,1
26107,Montélier,1
26108,Saint-Donat-sur-l'Herbasse,1
26109,Die,1
26110,Châteauneuf-du-Rhône,1
26201,Donzère,2
26202,Nyons,2
26203,Chabeuil,2
26204,Beaumont-lès-Valence,2
26301,Saint-Paul-Trois-Châteaux,3
26302,Pierrelatte,3
26303,Crest,3
26304,Livron-sur-Drôme,3
26501,Romans-sur-Isère,5
27101,La Couture-Boussey,1
27102,La Bonneville-sur-Iton,1
27103,Rugles,1
27104,Routot,1
27105,La Saussaye,1
27106,La Haye-Malherbe,1
27107,Le Thuit de l'Oison,1
27108,Gasny,1
27109,Étrépagny,1
27110,Pîtres,1
27111,Bourg-Achard,1
27112,Saint-André-de-l'Eure,1
27113,Breteuil,1
27114,Fleury-sur-Andelle,1
27115,Le Neubourg,1
27116,Romilly-sur-Andelle,1
27117,Brionne,1
27201,Pont-de-l'Arche,2
27202,Beaumont-le-Roger,2
27203,Mesnils-sur-Iton,2
27204,Conches-en-Ouche,2
27205,Pacy-sur-Eure,2
27206,Verneuil d'Avre et d'Iton,2
27207,Les Andelys,2
27301,Bernay,3
27302,Pont-Audemer,3
27303,Gaillon,3
27401,Vernon,4
27402,Louviers,4
27501,Évreux,5
28101,Abondant,1
28102,Toury,1
28103,Châteauneuf-en-Thymerais,1
28104,Saint-Georges-sur-Eure,1
28105,Courville-sur-Eure,1
28106,Senonches,1
28107,Illiers-Combray,1
28108,La Loupe,1
28109,Les Villages Vovéens,1
28110,Jouy,1
28201,Brou,2
28202,Bonneval,2
28203,Cloyes-les-Trois-Rivières,2
28204,Gallardon,2
28205,Auneau-Bleury-Saint-Symphorien,2
28206,Maintenon,2
28207,Nogent-le-Roi,2
28208,Nogent-le-Rotrou,2
28301,Châteaudun,3
28401,Dreux,4
28501,Chartres,5
29101,Saint-Pabu,1
29102,Lampaul-Plouarzel,1
29103,Kerlouan,1
29104,Hôpital-Camfrout,1
29105,Plonéis,1
29106,Camaret-sur-Mer,1
29107,Névez,1
29108,Le Conquet,1
29109,Pont-Aven,1
29110,Plouvorn,1
29111,Plozévet,1
29112,Saint-Thégonnec Loc-Eguiner,1
29113,Pleyber-Christ,1
29114,Lanmeur,1
29115,Saint-Thonan,1
29116,Plougasnou,1
29117,Plouescat,1
29118,Saint-Évarzec,1
29119,Bourg-Blanc,1
29120,Landéda,1
29121,Pleyben,1
29122,Châteauneuf-du-Faou,1
29123,Loperhet,1
29124,Plouvien,1
29125,Cléder,1
29126,Pont-de-Buis-lès-Quimerch,1
29127,Plomelin,1
29128,Plougonvelin,1
29129,Riec-sur-Bélon,1
29130,Milizac-Guipronvel,1
29131,Carantec,1
29201,Locmaria-Plouzané,2
29202,Plouigneau,2
29203,Porspoder,2
29204,Scaër,2
29205,Châteaulin,2
29206,Bannalec,2
29207,Plonéour-Lanvern,2
29208,Ploudalmézeau,2
29209,Crozon,2
29210,Plouhinec-Audierne,2
29211,Rosporden,2
29212,Briec,2
29213,Guilers,2
29214,Saint-Renan,2
29215,Plabennec,2
29301,Moëlan-sur-Mer,3
29302,Landivisiau,3
29303,Plouguerneau-Lannilis,3
29304,Saint-Pol-de-Léon,3
29305,Lesneven,3
29306,Douarnenez,3
29307,Quimperlé,3
29308,Pont-l'Abbé,3
29309,Landerneau,3
29401,Penmarch,4
29402,Fouesnant,4
29403,Morlaix,4
29404,Concarneau,4
29501,Quimper,5
29701,Brest,7
2A101,Bonifacio,1
2A102,Grosseto-Prugna,1
2A103,Sartène,1
2A104,Albitreccia,1
2A105,Bastelicaccia,1
2A106,Propriano,1
2A301,Porto-Vecchio,3
2A501,Ajaccio,5
2B101,Prunelli-di-Fiumorbo,1
2B102,Ghisonaccia,1
2B103,L'Île-Rousse,1
2B201,Calvi,2
2B202,Corte,2
2B203,Penta-di-Casinca,2
2B401,Borgo,4
2B501,Bastia,5
30101,Saint-Victor-la-Coste,1
30102,Fons,1
30103,La Calmette,1
30104,Aubord,1
30105,Le Cailar,1
30106,Saint-Jean-du-Gard,1
30107,Connaux,1
30108,Saint-Quentin-la-Poterie,1
30109,Saint-Laurent-d'Aigouze,1
30110,Quissac,1
30111,Saint-Geniès-de-Malgoirès,1
30112,Jonquières-Saint-Vincent,1
30113,Poulx,1
30114,Saint-Hippolyte-du-Fort,1
30115,Générac,1
30116,Aramon,1
30117,Clarensac,1
30118,Bessèges,1
30119,Beauvoisin,1
30120,Garons,1
30121,Langlade,1
30201,Saint-Laurent-des-Arbres,2
30202,Roquemaure,2
30203,Aimargues,2
30204,Calvisson,2
30205,Bezouce,2
30206,Pujaut,2
30207,Bouillargues,2
30208,Le Vigan,2
30209,Bellegarde,2
30210,Rochefort-du-Gard,2
30211,Sommières,2
30212,Aigues-Mortes,2
30213,Vergèze,2
30214,La Grand-Combe,2
30301,Manduel,3
30302,Vauvert,3
30303,Uzès,3
30304,Montfrin,3
30305,Saint-Gilles,3
30306,Pont-Saint-Esprit,3
30401,Bagnols-sur-Cèze,4
30501,Alès,5
30601,Nîmes,6
31101,Le Fauga,1
31102,Lévignac,1
31103,Boussens,1
31104,Saint-Sulpice-sur-Lèze,1
31105,Montgiscard,1
31106,Caraman,1
31107,Labastidette,1
31108,Rieux,1
31109,Martres-Tolosane,1
31110,Ayguesvives,1
31111,Salies-du-Salat,1
31112,Buzet-sur-Tarn,1
31113,Bérat,1
31114,Montesquieu-Volvestre,1
31115,Lavernose-Lacasse,1
31116,Lauzerville,1
31117,Baziège,1
31118,Rieumes,1
31119,Verfeil,1
31120,Lherm,1
31121,Nailloux,1
31122,Bagnères-de-Luchon,1
31123,Bessières,1
31201,Villefranche-de-Lauragais,2
31202,Montastruc-la-Conseillère,2
31203,Merville,2
31204,Villemur-sur-Tarn,2
31205,Fronton,2
31206,Cazères,2
31207,Longages,2
31208,Carbonne,2
31209,Grenade,2
31210,Venerque,2
31211,Saint-Lys,2
31212,Revel,2
31213,Auterive,2
31301,Saint-Gaudens,3
32101,Samatan,1
32102,Gimont,1
32103,Lectoure,1
32104,Vic-Fezensac,1
32105,Eauze,1
32106,Mirande,1
32201,Fleurance,2
32202,Condom,2
32203,L'Isle-Jourdain,2
32401,Auch,4
33101,Cérons,1
33102,Preignac,1
33103,Saint-Louis-de-Montferrand,1
33104,Cussac-Fort-Médoc,1
33105,Branne,1
33106,Saint-Vivien-de-Médoc,1
33107,Sainte-Hélène,1
33108,Baron,1
33109,Soulac-sur-Mer,1
33110,Avensan,1
33111,Saint-Ciers-sur-Gironde,1
33112,Galgon,1
33113,Saucats,1
33114,Ambès,1
33115,Le Porge,1
33116,Hourtin,1
33117,Arsac,1
33118,Macau,1
33119,La Brède,1
33120,Soussans,1
33121,Saint-Laurent-Médoc,1
33122,Créon,1
33123,Marcheprime,1
33124,Ludon-Médoc,1
33125,Castelnau-de-Médoc,1
33126,Pauillac,1
33127,Lacanau,1
33201,Bazas,2
33202,Cadillac,2
33203,Bourg,2
33204,Le Barp,2
33205,Belin-Béliet,2
33206,Podensac,2
33207,Saint-Savin-Saint-Yzan-de-Soudiac,2
33208,Saint-Seurin-sur-l'Isle,2
33209,La Lande-de-Fronsac,2
33210,Arès,2
33211,La Réole,2
33212,Salles,2
33213,Lesparre-Médoc,2
33214,Lège-Cap-Ferret,2
33215,Portets,2
33216,Saint-Macaire,2
33217,Mios,2
33301,Cézac,3
33302,Blaye,3
33303,Coutras,3
33304,Langon,3
33305,Andernos-les-Bains,3
33306,Biganos,3
33401,Libourne,4
33501,La Teste-de-Buch-Arcachon,5
33701,Bordeaux,7
34101,Les Matelles,1
34102,Le Pouget,1
34103,Valergues,1
34104,Maureilhan,1
34105,Bassan,1
34106,Roujan,1
34107,Loupian,1
34108,Saint-Bauzille-de-Putois,1
34109,Saint-Pargoire,1
34110,Cessenon-sur-Orb,1
34111,Pomérols,1
34112,Olargues,1
34113,Colombiers,1
34114,Saint-Drézéry,1
34115,Vailhauquès,1
34116,Caux,1
34117,Cers,1
34118,Mudaison,1
34119,Saint-Martin-de-Londres,1
34120,Montblanc,1
34121,Puisserguier,1
34122,Aniane,1
34123,Thézan-lès-Béziers,1
34124,Murviel-lès-Béziers,1
34125,Lansargues,1
34126,Portiragnes,1
34127,Capestang,1
34128,Lespignan,1
34129,Saint-Aunès,1
34130,Canet,1
34131,Montarnaud,1
34132,Villeveyrac,1
34133,Beaulieu,1
34134,Montady,1
34135,Paulhan,1
34136,Nissan-lez-Enserune,1
34137,Montagnac,1
34138,Sussargues,1
34139,Magalas,1
34140,Saint-Mathieu-de-Tréviers,1
34141,Servian,1
34142,Cazouls-lès-Béziers,1
34201,Florensac,2
34202,Saint-Georges-d'Orques,2
34203,Vias,2
34204,Saint-André-de-Sangonis,2
34205,Palavas-les-Flots,2
34206,Castries,2
34207,Gignac,2
34208,Mireval,2
34209,Pignan,2
34210,Bessan,2
34211,Marseillan,2
34212,Ganges,2
34213,Pézenas,2
34214,Cournonterral,2
34215,Lodève,2
34301,Clermont-l'Hérault,3
34302,Baillargues,3
34303,Mèze,3
34304,Bédarieux,3
34305,Sérignan,3
34306,Mauguio,3
34401,Agde,4
34501,Sète,5
34502,Béziers,5
34701,Montpellier,7
35101,Chevaigné,1
35102,Montreuil-sur-Ille,1
35103,La Fresnais,1
35104,Saint-Jouan-des-Guérets,1
35105,Plerguer,1
35106,Crevin,1
35107,Saint-Erblon,1
35108,Nouvoitou,1
35109,Bourg-des-Comptes,1
35110,Corps-Nuds,1
35111,Louvigné-du-Désert,1
35112,Breteil,1
35113,Tinténiac,1
35114,Servon-sur-Vilaine,1
35115,Pipriac,1
35116,Saint-Aubin-d'Aubigné,1
35117,Saint-Aubin-du-Cormier,1
35118,Romillé,1
35119,Romagné,1
35120,Miniac-Morvan,1
35121,Plélan-le-Grand,1
35122,Chavagne,1
35123,Saint-Méloir-des-Ondes,1
35124,Bourgbarré,1
35125,Goven,1
35126,Argentré-du-Plessis,1
35127,La Bouëxière,1
35128,Iffendic,1
35129,Orgères,1
35130,Maen Roch,1
35131,La Mézière,1
35132,Saint-Gilles,1
35201,Laillé,2
35202,Cancale,2
35203,Gévezé,2
35204,La Guerche-de-Bretagne,2
35205,Dol-de-Bretagne,2
35206,Saint-Méen-le-Grand,2
35207,Montauban-de-Bretagne,2
35208,Combourg,2
35209,Noyal-sur-Vilaine,2
35210,Retiers,2
35211,Bréal-sous-Montfort,2
35212,Montfort-sur-Meu,2
35213,Acigné,2
35214,Guipry-Messac,2
35215,Bain-de-Bretagne,2
35216,Mordelles,2
35217,Liffré,2
35218,Bédée,2
35219,Vern-sur-Seiche,2
35220,Janzé,2
35221,Guichen,2
35222,Châteaubourg,2
35301,Châteaugiron,3
35302,Le Rheu,3
35303,Vitré,3
35401,Fougères,4
35402,Saint-Malo,4
35701,Rennes,7
36101,Valençay,1
36102,Châtillon-sur-Indre,1
36103,Vatan,1
36104,Villedieu-sur-Indre,1
36105,Saint-Gaultier,1
36106,Chabris,1
36107,Levroux,1
36108,Ardentes,1
36109,Buzançais,1
36201,Le Blanc,2
36202,La Châtre,2
36203,Argenton-sur-Creuse,2
36301,Issoudun,3
36501,Châteauroux,5
37101,Richelieu,1
37102,Saint-Paterne-Racan,1
37103,Chanceaux-sur-Choisille,1
37104,Truyes,1
37105,Sainte-Maure-de-Touraine,1
37106,Monnaie,1
37107,Beaumont-en-Véron,1
37108,Langeais,1
37201,Cinq-Mars-la-Pile,2
37202,Azay-le-Rideau,2
37203,Esvres,2
37204,Bourgueil,2
37205,Château-Renault,2
37206,Véretz,2
37301,Chinon,3
37302,Loches,3
37303,Monts,3
37701,Tours,7
38101,Frontonas,1
38102,Izeaux,1
38103,Saint-Paul-de-Varces,1
38104,Faramans,1
38105,Saint-Georges-de-Commiers,1
38106,Goncelin,1
38107,Auberives-sur-Varèze,1
38108,Le Cheylas,1
38109,Lans-en-Vercors,1
38110,Diémoz,1
38111,Saint-Siméon-de-Bressieux,1
38112,Theys,1
38113,Chapareillan,1
38114,Sonnay,1
38115,Le Bourg-d'Oisans,1
38116,Saint-Romain-de-Jalionas,1
38117,Saint-Georges-d'Espéranche,1
38118,Estrablin,1
38119,Saint-André-le-Gaz,1
38120,Saint-Étienne-de-Saint-Geoirs,1
38121,Brié-et-Angonnes,1
38122,Saint-Savin,1
38123,Villard-de-Lans,1
38124,Saint-Laurent-du-Pont,1
38125,Saint-Jean-de-Bournay,1
38126,La Terrasse,1
38127,Heyrieux,1
38128,Villette-d'Anthon,1
38201,Crémieu,2
38202,Montalieu-Vercieu,2
38203,Le Touvet,2
38204,Saint-Just-Chaleyssin,2
38205,La Côte-Saint-André,2
38206,Beaurepaire,2
38207,La Mure,2
38208,Les Avenières Veyrins-Thuellin,2
38209,Tullins,2
38301,Apprieu-Le Grand-Lemps,3
38302,Vif,3
38303,Les Abrets en Dauphiné,3
38304,Crolles,3
38401,Vizille,4
38402,Saint-Marcellin,4
38403,Charvieu-Chavagneux,4
38404,Villefontaine,4
38405,La Tour-du-Pin,4
38501,Bourgoin-Jallieu,5
38502,Voiron,5
38701,Grenoble,7
39101,Moirans-en-Montagne,1
39102,Chaussin,1
39103,Fraisans,1
39104,Salins-les-Bains,1
39105,Saint-Amour,1
39106,Les Rousses,1
39107,Arbois,1
39108,Poligny,1
39109,Coteaux du Lizon,1
39201,Tavaux,2
39202,Hauts de Bienne,2
39203,Saint-Claude,2
39204,Champagnole,2
39401,Lons-le-Saunier,4
39402,Dole,4
40101,Angresse,1
40102,Ychoux,1
40103,Villeneuve-de-Marsan,1
40104,Saint-Jean-de-Marsacq,1
40105,Saint-Geours-de-Maremne,1
40106,Labouheyre,1
40107,Pontonx-sur-l'Adour,1
40108,Rion-des-Landes,1
40109,Roquefort,1
40110,Grenade-sur-l'Adour,1
40111,Bénesse-Maremne,1
40112,Tartas,1
40113,Sanguinet,1
40114,Saint-Sever,1
40201,Morcenx-la-Nouvelle,2
40202,Ondres,2
40203,Hagetmau,2
40204,Pouillon,2
40205,Parentis-en-Born,2
40206,Labenne,2
40207,Mimizan,2
40208,Peyrehorade,2
40209,Soustons,2
40301,Capbreton,3
40302,Biscarrosse,3
40303,Saint-Vincent-de-Tyrosse,3
40401,Mont-de-Marsan,4
40501,Dax,5
41101,Nouan-le-Fuzelier,1
41102,Muides-sur-Loire,1
41103,Villefranche-sur-Cher,1
41104,Chailles,1
41105,Les Montils,1
41106,Cour-Cheverny,1
41107,Mont-près-Chambord,1
41108,Montoire-sur-le-Loir,1
41109,Saint-Laurent-Nouan,1
41110,Selles-sur-Cher,1
41111,Lamotte-Beuvron,1
41201,Salbris,2
41202,Mer,2
41203,Veuzain-sur-Loire,2
41204,Montrichard Val de Cher,2
41205,Saint-Aignan,2
41206,Le Controis-en-Sologne,2
41301,Romorantin-Lanthenay,3
41401,Vendôme,4
41501,Blois,5
42101,Marcilly-le-Châtel,1
42102,Bourg-Argental,1
42103,Panissières,1
42104,Balbigny,1
42105,Saint-Héand,1
42106,Lentigny,1
42107,Saint-Marcellin-en-Forez,1
42201,Saint-Romain-le-Puy,2
42202,Boën-sur-Lignon,2
42203,Pélussin,2
42204,Montrond-les-Bains,2
42205,Charlieu,2
42206,Feurs,2
42401,Montbrison,4
42501,Saint-Just-Saint-Rambert,5
42502,Roanne,5
43101,Dunières,1
43102,Tence,1
43103,Langeac,1
43104,Saint-Just-Malmont,1
43105,Saint-Didier-en-Velay,1
43201,Yssingeaux,2
43202,Brioude,2
43203,Sainte-Sigolène,2
43301,Monistrol-sur-Loire,3
43401,Le Puy-en-Velay,4
44101,Boussay,1
44102,Sainte-Anne-sur-Brivet,1
44103,Paimbœuf,1
44104,Mauves-sur-Loire,1
44105,Le Pallet,1
44106,Prinquiau,1
44107,Derval,1
44108,Petit-Mars,1
44109,Le Bignon,1
44110,Saint-Gildas-des-Bois,1
44111,Aigrefeuille-sur-Maine,1
44112,Vieillevigne,1
44113,Nozay,1
44114,La Chapelle-des-Marais,1
44115,Legé,1
44116,Saint-Père-en-Retz,1
44117,La Haie-Fouassière,1
44118,Port-Saint-Père,1
44119,Saint-Lyphard,1
44120,Saint-Mars-du-Désert,1
44201,Le Pellerin,2
44202,Ligné,2
44203,Guémené-Penfao,2
44204,Missillac,2
44205,La Chevrolière,2
44206,Saint-Colomban,2
44207,Grandchamps-des-Fontaines,2
44208,Héric,2
44209,Vallons-de-l'Erdre,2
44210,La Turballe,2
44211,Chaumes-en-Retz,2
44212,Geneston,2
44213,Sainte-Pazanne,2
44214,Herbignac,2
44215,Divatte-sur-Loire,2
44216,Sucé-sur-Erdre,2
44217,Saint-Étienne-de-Montluc,2
44218,Machecoul-Saint-Même,2
44219,Loireauxence,2
44220,Vigneux-de-Bretagne,2
44221,Nort-sur-Erdre,2
44222,Saint-Philbert-de-Grand-Lieu,2
44223,Vallet,2
44224,Treillières,2
44225,Blain,2
44301,Pontchâteau,3
44302,Ancenis-Saint-Géréon,3
44303,Savenay,3
44304,Châteaubriant,3
44305,Saint-Julien-de-Concelles,3
44306,Pornic,3
44601,Saint-Nazaire,6
44701,Nantes,7
45101,Patay,1
45102,Loury,1
45103,Chevilly,1
45104,Ouzouer-sur-Loire,1
45105,Lorris,1
45106,Châtillon-Coligny,1
45107,Bellegarde-Quiers-sur-Bézonde,1
45108,Lailly-en-Val,1
45109,Châtillon-sur-Loire,1
45110,Traînou,1
45111,Puiseaux,1
45112,Cléry-Saint-André,1
45113,Poilly-lez-Gien,1
45114,Sandillon,1
45115,Courtenay,1
45116,Neuville-aux-Bois,1
45201,Ferrières-en-Gâtinais,2
45202,Briare,2
45203,Fay-aux-Loges,2
45204,Chaingy,2
45205,La Ferté-Saint-Aubin,2
45206,Beaugency,2
45207,Pithiviers,2
45208,Meung-sur-Loire,2
45209,Jargeau,2
45210,Châteauneuf-sur-Loire,2
45301,Sully-sur-Loire,3
45302,Gien,3
45501,Montargis,5
45701,Orléans,7
46101,Luzech,1
46102,Prayssac,1
46103,Gramat,1
46104,Souillac,1
46105,Saint-Céré,1
46106,Biars-sur-Cère,1
46107,Gourdon,1
46301,Figeac,3
46401,Cahors,4
47101,Port-Sainte-Marie,1
47102,Layrac,1
47103,Gontaud-de-Nogaret,1
47104,Casteljaloux,1
47105,Aiguillon,1
47106,Miramont-de-Guyenne,1
47201,Tonneins,2
47301,Nérac,3
47302,Fumel,3
47401,Villeneuve-sur-Lot,4
47501,Agen,5
48101,Langogne,1
48102,La Canourgue,1
48103,Saint-Chély-d'Apcher,1
48201,Marvejols,2
48301,Mende,3
49101,La Ménitré,1
49102,Cantenay-Épinard,1
49103,Ingrandes-Le Fresne sur Loire,1
49104,Saint-Christophe-du-Bois,1
49105,Bécon-les-Granits,1
49106,Candé,1
49107,Saint-Lambert-la-Potherie,1
49108,Saint-Léger-sous-Cholet,1
49109,Seiches-sur-le-Loir,1
49110,Trémentines,1
49111,Maulévrier,1
49112,La Tessoualle,1
49113,Vernantes,1
49114,Durtal,1
49115,Saint-Georges-sur-Loire,1
49116,Le May-sur-Èvre,1
49117,Montreuil-Bellay,1
49118,La Séguinière,1
49119,Val d'Erdre-Auxence,1
49120,Le Lion-d'Angers,1
49201,Rives-du-Loir-en-Anjou,2
49202,Allonnes,2
49203,Longuenée-en-Anjou,2
49204,Chalonnes-sur-Loire,2
49205,Beaufort-en-Anjou,2
49206,Tiercé,2
49207,Montreuil-Juigné,2
49208,Lys-Haut-Layon,2
49209,Longué-Jumelles,2
49210,Gennes-Val-de-Loire,2
49211,Les Hauts-d'Anjou,2
49212,Ombrée d'Anjou,2
49301,Brissac Loire Aubance,3
49302,Doué-en-Anjou,3
49303,Baugé-en-Anjou,3
49304,Montrevault-sur-Èvre,3
49305,Orée d'Anjou,3
49306,Segré-en-Anjou Bleu,3
49307,Mauges-sur-Loire,3
49401,Chemillé-en-Anjou,4
49402,Beaupréau-en-Mauges,4
49403,Loire-Authion,4
49404,Sèvremoine,4
49405,Saumur,4
49501,Cholet,5
49701,Angers,7
50101,Montmartin-sur-Mer,1
50102,Périers,1
50103,Marigny-Le-Lozon,1
50104,Ducey-Les Chéris,1
50105,Pont-Hébert,1
50106,Sourdeval,1
50107,Les Pieux,1
50108,Mortain-Bocage,1
50109,Saint-Vaast-la-Hougue,1
50110,La Haye,1
50111,Condé-sur-Vire,1
50112,Pontorson,1
50113,Saint-James,1
50114,Bréhal,1
50201,Villedieu-les-Poêles-Rouffigny,2
50202,Bricquebec-en-Cotentin,2
50203,Torigny-les-Villes,2
50204,Agon-Coutainville,2
50205,Valognes,2
50206,Saint-Hilaire-du-Harcouët,2
50207,Coutances,2
50301,Carentan-les-Marais,3
50302,Avranches,3
50401,Saint-Lô,4
50402,Granville,4
50501,Cherbourg-en-Cotentin,5
51101,Sarry,1
51102,Fère-Champenoise,1
51103,Muizon,1
51104,Dormans,1
51105,Courtisols,1
51106,Blancs-Coteaux,1
51107,Warmeriville,1
51108,Montmirail,1
51109,Suippes,1
51110,Bazancourt,1
51111,Sainte-Menehould,1
51112,Sézanne,1
51201,Witry-lès-Reims,2
51202,Mourmelon-le-Grand,2
51203,Fismes,2
51204,Aÿ-Champagne,2
51301,Vitry-le-François,3
51401,Épernay,4
51501,Châlons-en-Champagne,5
51701,Reims,7
52101,La Porte du Der,1
52102,Chalindrey,1
52103,Wassy,1
52104,Nogent,1
52201,Joinville,2
52202,Langres,2
52401,Chaumont,4
53101,Saint-Pierre-la-Cour,1
53102,Renazé,1
53103,Gorron,1
53104,Loiron-Ruillé,1
53105,Ambrières-les-Vallées,1
53106,Villaines-la-Juhel,1
53107,Argentré,1
53108,Meslay-du-Maine,1
53109,Cossé-le-Vivien,1
53110,Montsûrs,1
53111,L'Huisserie,1
53112,Louverné,1
53113,Craon,1
53201,Ernée,2
53202,Bonchamp-lès-Laval,2
53203,Évron,2
53301,Mayenne,3
53302,Château-Gontier-sur-Mayenne,3
53501,Laval,5
54101,Foug,1
54102,Gorcy,1
54103,Gondreville,1
54104,Rosières-aux-Salines,1
54105,Audun-le-Roman,1
54106,Valleroy,1
54107,Hussigny-Godbrange,1
54108,Richardménil,1
54109,Pagny-sur-Moselle,1
54110,Piennes,1
54111,Dieulouard,1
54112,Baccarat,1
54201,Tucquegnieux,2
54202,Longuyon,2
54203,Blainville-sur-l'Eau,2
54204,Ludres,2
54205,Val de Briey,2
54301,Jarny,3
54302,Neuves-Maisons,3
54401,Dombasle-sur-Meurthe,4
54402,Lunéville,4
54403,Toul,4
54404,Pont-à-Mousson,4
54405,Longwy (partie française),4
54701,Nancy,7
55101,Montmédy,1
55102,Revigny-sur-Ornain,1
55103,Stenay,1
55104,Bouligny,1
55105,Étain,1
55106,Saint-Mihiel,1
55201,Commercy,2
55202,Ligny-en-Barrois,2
55301,Bar-le-Duc,3
55401,Verdun,4
56101,Saint-Pierre-Quiberon,1
56102,Arzon,1
56103,Meucon,1
56104,Bono,1
56105,Josselin,1
56106,Le Palais,1
56107,Sainte-Anne-d'Auray,1
56108,Le Faouët,1
56109,Camors,1
56110,Merlevenez,1
56111,Monterblanc,1
56112,Locqueltas,1
56113,Noyal-Pontivy,1
56114,Sulniac,1
56115,Pont-Scorff,1
56116,Saint-Nolff,1
56117,Gourin,1
56118,Landévant,1
56119,La Gacilly,1
56120,Baden,1
56121,Surzur,1
56122,Malestroit,1
56123,Quiberon,1
56201,Muzillac,2
56202,Arradon,2
56203,Plouhinec,2
56204,Grand-Champ,2
56205,Plouay,2
56206,Elven,2
56207,Guer,2
56208,Baud,2
56209,Ploeren,2
56210,Kervignac,2
56211,Pluvigner,2
56212,Questembert,2
56213,Theix-Noyalo,2
56214,Languidic,2
56215,Locminé,2
56216,Sarzeau,2
56217,Belz,2
56301,Ploërmel,3
56302,Guidel,3
56303,Riantec-Locmiquélic,3
56304,Carnac,3
56305,Pontivy,3
56401,Hennebont,4
56402,Auray,4
56501,Vannes,5
56601,Lorient,6
57101,Mandelbachtal (ALL)-Blies-Guersviller (partie française),1
57102,Rouhling,1
57103,Tressange,1
57104,Amanvillers,1
57105,Dudelange (LUX)-Volmerange-les-Mines (partie française),1
57106,Basse-Ham,1
57107,Metzervisse,1
57108,Farschviller,1
57109,Diebling,1
57110,Aumetz,1
57111,Château-Salins,1
57112,Porcelette,1
57113,Boulange,1
57114,Hundling,1
57115,Schœneck,1
57116,Neufchef,1
57117,Alsting,1
57118,Verny,1
57119,Troisfontaines,1
57120,Peltre,1
57121,Dieuze,1
57122,Puttelange-aux-Lacs,1
57123,Fontoy,1
57124,Kayl (LUX)-Ottange (partie française),1
57125,Courcelles-Chaussy,1
57126,Bousse,1
57127,Woustviller,1
57128,Kleinblittersdorf (ALL)-Grosbliederstroff (partie française),1
57129,Rohrbach-lès-Bitche,1
57130,Falck,1
57131,Longeville-lès-Saint-Avold,1
57132,Novéant-sur-Moselle,1
57133,Morhange,1
57134,Bouzonville,1
57135,Sarralbe,1
57136,Perl (ALL)-Sierck-les-Bains (partie française),1
57201,Bitche,2
57202,Ay-sur-Moselle,2
57203,Boulay-Moselle,2
57204,Phalsbourg,2
57205,Marange-Silvange,2
57206,Farébersviller,2
57207,Hettange-Grande,2
57208,Guénange,2
57301,Faulquemont,3
57302,Sarrebourg,3
57303,Creutzwald,3
57401,Sarreguemines (partie française),4
57402,Saint-Avold (partie française),4
57501,Sarrebruck (ALL)-Forbach (partie française),5
57601,Thionville,6
57701,Metz,7
58101,Pougues-les-Eaux,1
58102,Guérigny,1
58103,La Machine,1
58104,Imphy,1
58105,Marzy,1
58106,Clamecy,1
58107,La Charité-sur-Loire,1
58201,Decize,2
58202,Cosne-Cours-sur-Loire,2
58501,Nevers,5
59101,Villers-Outréaux,1
59102,Esquelbecq,1
59103,Mons-en-Pévèle,1
59104,Walincourt-Selvigny,1
59105,Bertry,1
59106,Fournes-en-Weppes,1
59107,Bersée,1
59108,Attiches,1
59109,Herlies,1
59110,Camphin-en-Pévèle,1
59111,Saint-Hilaire-lez-Cambrai,1
59112,Monchecourt,1
59113,Nomain,1
59114,Artres,1
59115,Steenbecque,1
59116,Genech,1
59117,Sebourg,1
59118,Haspres,1
59119,Féchain,1
59120,Sains-du-Nord,1
59121,Radinghem-en-Weppes,1
59122,Coutiches,1
59123,Spycker,1
59124,Haveluy,1
59125,Anor,1
59126,Iwuy,1
59127,Houplin-Ancoisne,1
59128,Landrecies,1
59129,Bachy,1
59130,Avesnes-les-Aubert,1
59131,Gommegnies,1
59132,Marquillies,1
59133,Busigny,1
59134,Hondschoote,1
59135,Boeschepe,1
59136,Steenvoorde,1
59137,Gondecourt,1
59138,Trélon,1
59139,Phalempin,1
59140,Poix-du-Nord,1
59201,Bavay,2
59202,Solesmes,2
59203,Mortagne-du-Nord (partie française),2
59204,Flines-lez-Raches,2
59205,Wormhout,2
59206,Marchiennes,2
59207,Masnières,2
59208,Bourbourg,2
59209,Le Cateau-Cambrésis,2
59210,Le Quesnoy,2
59211,Avesnes-sur-Helpe,2
59212,Téteghem-Coudekerque-Village,2
59301,Bray-Dunes,3
59302,Bergues,3
59303,Cysoing,3
59304,Annœullin,3
59305,Wavrin,3
59306,Fourmies,3
59307,Templeuve-en-Pévèle,3
59308,Orchies,3
59309,Caudry,3
59401,Hazebrouck,4
59402,Saint-Amand-les-Eaux,4
59403,Cambrai,4
59501,Armentières (partie française),5
59601,Maubeuge (partie française),6
59602,Dunkerque,6
59701,Valenciennes (partie française),7
59702,Lille (partie française),7
60101,Bailleul-sur-Thérain,1
60102,Ressons-sur-Matz,1
60103,Le Mesnil-en-Thelle,1
60104,Maignelay-Montigny,1
60105,Sérifontaine,1
60106,Feuquières,1
60107,Saint-Paul,1
60108,Saint-Sauveur,1
60109,Noailles,1
60110,Tracy-le-Mont,1
60111,Auneuil,1
60112,Andeville,1
60113,Sainte-Geneviève,1
60114,Chaumont-en-Vexin,1
60115,Crèvecœur-le-Grand,1
60116,Neuilly-en-Thelle,1
60117,Grandvilliers,1
60118,Béthisy-Saint-Pierre,1
60119,Bresles,1
60120,Lachapelle-aux-Pots,1
60121,Nanteuil-le-Haudouin,1
60122,Breteuil,1
60123,Estrées-Saint-Denis,1
60124,Verberie,1
60125,Cires-lès-Mello,1
60201,Hermes,2
60202,Bornel,2
60203,Le Plessis-Belleville,2
60204,Ribécourt-Dreslincourt,2
60205,Trosly-Breuil,2
60206,Orry-la-Ville,2
60207,Saint-Just-en-Chaussée,2
60208,Lacroix-Saint-Ouen,2
60301,Mouy,3
60302,Méru,3
60303,Crépy-en-Valois,3
60304,Senlis,3
60305,Noyon,3
60306,Pont-Sainte-Maxence,3
60401,Clermont,4
60402,Chantilly,4
60501,Beauvais,5
60502,Compiègne,5
60601,Creil,6
61101,Bellême,1
61102,Bagnoles de l'Orne Normandie,1
61103,Vimoutiers,1
61104,Sées,1
61105,Domfront en Poiraie,1
61106,Mortagne-au-Perche,1
61107,Tinchebray-Bocage,1
61201,La Ferté Macé,2
61301,L'Aigle,3
61302,Argentan,3
61401,Flers,4
62101,Rœux,1
62102,Fruges,1
62103,Fauquembergues,1
62104,Auxi-le-Château,1
62105,Auchy-lès-Hesdin,1
62106,Équihen-Plage,1
62107,Norrent-Fontes,1
62108,Enquin-lez-Guinegatte,1
62109,Pernes,1
62110,Ferques,1
62111,Beaurainville,1
62112,Saint-Folquin,1
62113,Frévent,1
62114,Aubigny-en-Artois,1
62115,Camiers,1
62116,Bapaume,1
62117,Vimy,1
62118,Biache-Saint-Vaast,1
62119,Samer,1
62201,Oye-Plage,2
62202,Desvres,2
62203,Montreuil,2
62204,Hesdin,2
62205,Guînes,2
62206,Neufchâtel-Hardelot,2
62207,Ardres,2
62208,Saint-Pol-sur-Ternoise,2
62209,Marquise,2
62210,Lumbres,2
62211,Audruicq,2
62301,Wimereux,3
62401,Berck,4
62501,Boulogne-sur-Mer,5
62502,Arras,5
62503,Calais,5
63101,Coudes,1
63102,Saint-Bonnet-près-Riom,1
63103,Pérignat-sur-Allier,1
63104,Champeix,1
63105,La Bourboule,1
63106,Ennezat,1
63107,Orcet,1
63108,Pérignat-lès-Sarliève,1
63109,Puy-Guillaume,1
63110,Maringues,1
63111,Aigueperse,1
63112,Orcines,1
63113,Mur-sur-Allier,1
63114,La Monnerie-le-Montel,1
63115,Vertaizon,1
63116,Saint-Georges-de-Mons,1
63117,Courpière,1
63118,Saint-Amant-Tallende,1
63119,Volvic,1
63120,La Roche-Blanche,1
63121,Billom,1
63201,Vic-le-Comte,2
63202,Saint-Éloy-les-Mines,2
63203,Lezoux,2
63204,Ambert,2
63301,Veyre-Monton,3
63302,Pont-du-Château,3
63303,Thiers,3
63304,Issoire,3
63401,Riom,4
63701,Clermont-Ferrand,7
64101,Puyoô,1
64102,Navarrenx,1
64103,Saint-Palais,1
64104,Artix,1
64105,Arudy,1
64106,Salies-de-Béarn,1
64107,Saint-Jean-Pied-de-Port,1
64201,Soumoulou,2
64202,Mauléon-Licharre,2
64203,Saint-Pée-sur-Nivelle,2
64204,Hasparren,2
64301,Orthez,3
64302,Mourenx,3
64303,Oloron-Sainte-Marie,3
64701,Pau,7
65101,Luz-Saint-Sauveur,1
65102,Ossun,1
65103,Maubourguet,1
65201,Vic-en-Bigorre,2
65202,Juillan,2
65203,Argelès-Gazost,2
65204,Lannemezan,2
65301,Bagnères-de-Bigorre,3
65302,Lourdes,3
65501,Tarbes,5
66101,Puigcerda (ESP)-Bourg-Madame (partie française),1
66102,Estagel,1
66103,Trouillas,1
66104,Baixas,1
66105,Saint-Nazaire,1
66106,Ponteilla,1
66107,Saint-Génis-des-Fontaines,1
66108,Saint-Hippolyte,1
66109,Vinça,1
66110,Villelongue-de-la-Salanque,1
66111,Espira-de-l'Agly,1
66112,Salses-le-Château,1
66113,Villeneuve-de-la-Raho,1
66114,Bages,1
66115,Claira,1
66116,Millas,1
66117,Banyuls-sur-Mer,1
66118,Sainte-Marie,1
66119,Pollestres,1
66201,Saleilles,2
66202,Le Boulou,2
66203,Amélie-les-Bains-Palalda,2
66204,Ille-sur-Têt,2
66205,Prades,2
66206,Thuir,2
66301,Canet-en-Roussillon,3
66302,Céret,3
66501,Saint-Cyprien,5
66701,Perpignan,7
67101,Muttersholtz,1
67102,Furdenheim,1
67103,Griesheim-près-Molsheim,1
67104,Kogenheim,1
67105,Dambach-la-Ville,1
67106,Ebersheim,1
67107,Epfig,1
67108,Lauterbourg,1
67109,Offendorf,1
67110,Kilstett,1
67111,Geudertheim,1
67112,Dettwiller,1
67113,Hilsenheim,1
67114,Matzenheim,1
67115,Marmoutier,1
67116,Mothern,1
67117,Sarre-Union,1
67118,Weitbruch,1
67119,Duttlenheim,1
67120,Villé,1
67121,Andlau,1
67122,Schirrhein,1
67123,Sessenheim,1
67124,Wingersheim les Quatre Bans,1
67125,Soultz-sous-Forêts,1
67126,Oberhaslach,1
67127,Scherwiller,1
67128,Ittenheim,1
67129,Seltz,1
67130,Mertzwiller,1
67131,Weyersheim,1
67132,Gerstheim,1
67133,Holtzheim,1
67134,Dingsheim,1
67135,Wittisheim,1
67136,Gries,1
67137,Bouxwiller,1
67138,Truchtersheim,1
67139,Rhinau,1
67140,Marckolsheim,1
67141,Betschdorf,1
67142,Châtenois,1
67143,Rœschwoog,1
67144,Hœrdt,1
67145,Bœrsch,1
67146,Herrlisheim,1
67147,Gambsheim,1
67148,Soufflenheim,1
67201,Ingwiller,2
67202,Drusenheim,2
67203,Wasselonne,2
67204,Hochfelden,2
67205,La Wantzenau,2
67206,Val-de-Moder,2
67207,Marlenheim,2
67208,Entzheim,2
67209,Wissembourg (partie française),2
67210,Geispolsheim,2
67211,Benfeld,2
67212,Rosheim,2
67213,Barr,2
67301,Brumath,3
67302,Erstein,3
67303,Obernai,3
67304,La Broque,3
67305,Reichshoffen-Niederbronn-les-Bains,3
67306,Saverne,3
67307,Sélestat,3
67401,Molsheim,4
67501,Haguenau,5
67701,Strasbourg (partie française),7
68101,Hirsingue,1
68102,Labaroche,1
68103,Rosenau,1
68104,Eschentzwiller,1
68105,Lièpvre,1
68106,Biesheim,1
68107,Kirchberg,1
68108,Hochstatt,1
68109,Sainte-Croix-en-Plaine,1
68110,Fessenheim,1
68111,Soultzmatt,1
68112,Orbey,1
68113,Porte du Ried,1
68114,Burnhaupt-le-Haut,1
68115,Waldighofen,1
68116,Masevaux-Niederbruck,1
68117,Zillisheim,1
68118,Andolsheim,1
68119,Illfurth,1
68120,Bennwihr,1
68121,Landser,1
68122,Rouffach,1
68123,Blotzheim,1
68124,Sierentz,1
68125,Ribeauvillé,1
68201,Dannemarie,2
68202,Neuf-Brisach,2
68203,Kaysersberg Vignoble,2
68204,Sainte-Marie-aux-Mines,2
68205,Altkirch,2
68206,Kembs,2
68207,Ensisheim,2
68208,Saint-Amarin,2
68301,Munster,3
68401,Guebwiller,4
68402,Thann-Cernay,4
68403,Bâle (SUI)-Saint-Louis (partie française),4
68501,Colmar,5
68701,Mulhouse,7
69101,Saint-Laurent-d'Agny,1
69102,Sainte-Foy-l'Argentière,1
69103,Beaujeu,1
69104,Saint-Symphorien-sur-Coise,1
69105,Saint-Martin-en-Haut,1
69106,Pusignan,1
69107,Saint-Georges-de-Reneins,1
69108,Cours,1
69109,Soucieu-en-Jarrest,1
69110,Saint-Pierre-de-Chandieu,1
69111,Amplepuis,1
69201,Jonage,2
69202,Mornant,2
69203,Thizy,2
69204,Saint-Germain-au-Mont-d'Or,2
69205,Saint-Étienne-des-Oullières,2
69301,Val d'Oingt,3
69302,Saint-Laurent-de-Mure,3
69303,Tarare,3
69401,L'Arbresle,4
70101,Rioz,1
70102,Plancher-les-Mines,1
70103,Port-sur-Saône,1
70104,Mélisey,1
70105,Saint-Loup-sur-Semouse,1
70106,Fougerolles-Saint-Valbert,1
70201,Champagney-Ronchamp,2
70202,Gray,2
70301,Héricourt,3
70302,Lure,3
70303,Luxeuil-les-Bains,3
70401,Vesoul,4
71101,Buxy,1
71102,Épinac,1
71103,La Roche-Vineuse,1
71104,Saint-Martin-Belle-Roche,1
71105,Verdun-sur-le-Doubs,1
71106,Charolles,1
71107,La Clayette,1
71108,Marcigny,1
71109,Gergy,1
71110,Sennecey-le-Grand,1
71111,Bourbon-Lancy,1
71201,Givry,2
71202,Cluny,2
71203,Ouroux-sur-Saône,2
71204,Tournus,2
71205,Montchanin,2
71206,Gueugnon,2
71207,Paray-le-Monial,2
71301,Louhans,3
71302,Autun,3
71401,Le Creusot,4
71402,Montceau-les-Mines,4
71501,Chalon-sur-Saône,5
72101,Saint-Georges-du-Bois,1
72102,Brette-les-Pins,1
72103,La Chartre-sur-le-Loir,1
72104,Joué-l'Abbé,1
72105,Trangé,1
72106,Loué,1
72107,Vibraye,1
72108,Noyen-sur-Sarthe,1
72109,Sillé-le-Guillaume,1
72110,Spay,1
72111,Précigné,1
72112,Mayet,1
72113,Cérans-Foulletourte,1
72114,La Bazoge,1
72115,Fresnay-sur-Sarthe,1
72116,Saint-Calais,1
72117,Sainte-Jamme-sur-Sarthe,1
72118,Connerré,1
72119,Le Lude,1
72120,Bonnétable,1
72201,Parigné-l'Évêque,2
72202,Écommoy,2
72203,Mamers,2
72204,La Suze-sur-Sarthe,2
72205,Montval-sur-Loir,2
72206,Champagné,2
72301,La Ferté-Bernard,3
72302,Sablé-sur-Sarthe,3
72303,La Flèche,3
72701,Le Mans,7
73101,Saint-Julien-Mont-Denis,1
73102,La Biolle,1
73103,Saint-Michel-de-Maurienne,1
73104,Yenne,1
73105,Beaufort,1
73106,Modane,1
73107,Grand-Aigueblanche,1
73108,Aime-la-Plagne,1
73109,Moûtiers,1
73110,Saint-Étienne-de-Cuines,1
73111,Saint-Pierre-d'Albigny,1
73201,Montmélian,2
73202,Entrelacs,2
73203,Ugine,2
73204,Saint-Jean-de-Maurienne,2
73205,Bourg-Saint-Maurice,2
73401,Albertville,4
73601,Chambéry,6
74101,Le Grand-Bornand,1
74102,Vulbens,1
74103,Frangy,1
74104,Beaumont,1
74105,Magland,1
74106,Taninges,1
74107,Abondance,1
74108,Groisy,1
74109,Veigy-Foncenex,1
74110,Saint-Paul-en-Chablais,1
74111,Samoëns,1
74112,Cruseilles,1
74113,Morzine,1
74114,Saint-Jeoire,1
74115,Valleiry,1
74201,Saint-Félix,2
74202,Viry,2
74203,Saint-Cergues,2
74204,Perrignier,2
74205,Douvaine,2
74206,Veyrier-du-Lac,2
74207,Messery,2
74208,Bons-en-Chablais,2
74209,Faverges-Seythenex,2
74210,Thônes,2
74301,Chamonix-Mont-Blanc,3
74302,Rumilly,3
74303,Fillière,3
74501,Thonon-les-Bains,5
74502,Cluses,5
74601,Annecy,6
76101,Ymare,1
76102,Sahurs,1
76103,La Neuville-Chant-d'Oisel,1
76104,Jumièges,1
76105,Préaux,1
76106,Yerville,1
76107,Criquetot-l'Esneval,1
76108,Saint-Nicolas-de-la-Taille,1
76109,Fontaine-le-Bourg,1
76110,Criel-sur-Mer,1
76111,Houppeville,1
76112,Saint-Jacques-sur-Darnétal,1
76113,Goderville,1
76114,Doudeville,1
76115,Longueville-sur-Scie,1
76116,Cany-Barville,1
76117,Offranville,1
76118,Arelaune-en-Seine,1
76119,Hautot-sur-Mer,1
76120,Luneray,1
76121,Saint-Saëns,1
76122,Saint-Valery-en-Caux,1
76123,Terres-de-Caux,1
76124,Duclair,1
76125,Rives-en-Seine,1
76126,Forges-les-Eaux,1
76127,Le Trait,1
76201,Saint-Nicolas-d'Aliermont,2
76202,Neufchâtel-en-Bray,2
76203,Saint-Romain-de-Colbosc,2
76204,Gournay-en-Bray,2
76205,Petit-Caux,2
76301,Yvetot,3
76302,Bolbec,3
76303,Barentin,3
76401,Fécamp,4
76402,Lillebonne,4
76403,Dieppe,4
76701,Le Havre,7
77101,Samois-sur-Seine,1
77102,Saint-Augustin,1
77103,Pontcarré,1
77104,Rebais,1
77105,La Chapelle-la-Reine,1
77106,Grisy-Suisnes,1
77107,Saint-Jean-les-Deux-Jumeaux,1
77108,La Grande-Paroisse,1
77109,Évry-Grégy-sur-Yerre,1
77110,Château-Landon,1
77111,Moussy-le-Neuf,1
77112,Boissy-le-Châtel,1
77113,Verneuil-l'Étang,1
77114,Chaumes-en-Brie,1
77115,Saint-Soupplets,1
77116,Annet-sur-Marne,1
77117,Donnemarie-Dontilly,1
77118,Chauconin-Neufmontiers,1
77119,Bray-sur-Seine,1
77120,Villevaudé,1
77121,Longueville,1
77122,Rozay-en-Brie,1
77123,Chailly-en-Bière,1
77124,Chevry-Cossigny,1
77125,Guignes,1
77126,Jouarre,1
77127,Le Châtelet-en-Brie,1
77128,Saâcy-sur-Marne,1
77129,Lizy-sur-Ourcq,1
77130,Mormant,1
77201,Coubert,2
77202,Bourron-Marlotte,2
77203,Fontenay-Trésigny,2
77204,Othis,2
77205,La Ferté-Gaucher,2
77206,Saint-Pathus,2
77207,Nangis,2
77208,Bois-le-Roi,2
77301,La Ferté-sous-Jouarre,3
77302,Claye-Souilly,3
77303,Provins,3
77304,Dammartin-en-Goële,3
77305,Gretz-Armainvilliers,3
77306,Brie-Comte-Robert,3
77401,Nemours,4
77402,Coulommiers,4
77403,Champagne-sur-Seine,4
77404,Montereau-Fault-Yonne,4
77405,Fontainebleau,4
77501,Bailly-Romainvilliers,5
77502,Meaux,5
78101,Bouafle,1
78102,Septeuil,1
78103,Orgerus,1
78104,Feucherolles,1
78105,Ablis,1
78106,Ecquevilly,1
78107,Houdan,1
78108,Garancières-La Queue-les-Yvelines,1
78201,Montfort-l'Amaury,2
78202,Saint-Arnoult-en-Yvelines,2
78203,Rosny-sur-Seine,2
78204,Le Perray-en-Yvelines,2
78205,Beynes,2
78206,Les Essarts-le-Roi,2
78301,Aubergenville,3
78302,Bonnières-sur-Seine,3
78303,Noisy-le-Roi,3
78401,Épône,4
78402,Rambouillet,4
79101,Prahecq,1
79102,Coulon,1
79103,Coulonges-sur-l'Autize,1
79104,Chef-Boutonne,1
79105,Magné,1
79106,Mauzé-sur-le-Mignon,1
79107,Frontenay-Rohan-Rohan,1
79108,Celles-sur-Belle,1
79109,Airvault,1
79201,Moncoutant-sur-Sèvre,2
79202,Échiré,2
79203,Nueil-les-Aubiers,2
79204,La Crèche,2
79205,Cerizay,2
79206,Melle,2
79207,Mauléon,2
79301,Saint-Maixent-l'École,3
79302,Thouars,3
79303,Parthenay,3
79304,Bressuire,3
79501,Niort,5
80101,Flesselles,1
80102,Chaulnes,1
80103,Beauval,1
80104,Vignacourt,1
80105,Airaines,1
80106,Poix-de-Picardie,1
80107,Cayeux-sur-Mer,1
80108,Béthencourt-sur-Mer,1
80109,Saint-Valery-sur-Somme,1
80110,Longpré-les-Corps-Saints,1
80111,Nesle,1
80112,Rue,1
80113,Ailly-sur-Noye,1
80114,Rosières-en-Santerre,1
80115,Flixecourt,1
80116,Villers-Bretonneux,1
80117,Moreuil,1
80118,Feuquières-en-Vimeu-Fressenneville,1
80201,Ailly-sur-Somme,2
80202,Roye,2
80203,Montdidier,2
80204,Doullens,2
80205,Friville-Escarbotin,2
80206,Ham,2
80207,Saint-Léger-lès-Domart,2
80208,Corbie,2
80209,Péronne,2
80210,Albert,2
80401,Abbeville,4
80601,Amiens,6
81101,Saint-Amans-Soult,1
81102,Lacaune,1
81103,Réalmont,1
81104,Lisle-sur-Tarn,1
81201,Labruguière,2
81202,Marssac-sur-Tarn,2
81203,Rabastens,2
81204,Saint-Sulpice,2
81301,Lavaur,3
81302,Graulhet,3
81303,Carmaux,3
81304,Gaillac,3
81401,Mazamet,4
81501,Castres,5
81502,Albi,5
82101,Septfonds,1
82102,Saint-Nicolas-de-la-Grave,1
82103,Lafrançaise,1
82104,La Ville-Dieu-du-Temple,1
82105,Dieupentale,1
82106,Albias,1
82107,Meauzac,1
82108,Beaumont-de-Lomagne,1
82109,Verdun-sur-Garonne,1
82201,Nègrepelisse,2
82202,Montech,2
82203,Valence,2
82204,Caussade,2
82301,Labastide-Saint-Pierre,3
82401,Castelsarrasin,4
82501,Montauban,5
83101,Plan-d'Aups-Sainte-Baume,1
83102,Aups,1
83103,La Roquebrussanne,1
83104,Seillons-Source-d'Argens,1
83105,Figanières,1
83106,Bras,1
83107,Néoules,1
83108,Les Adrets-de-l'Estérel,1
83109,Bagnols-en-Forêt,1
83110,Le Plan-de-la-Tour,1
83111,Signes,1
83112,Régusse,1
83113,Barjols,1
83114,Carcès,1
83115,Cotignac,1
83116,Flassans-sur-Issole,1
83117,Callas,1
83118,Rians,1
83119,Vinon-sur-Verdon,1
83120,Puget-Ville,1
83121,Nans-les-Pins,1
83122,Forcalqueiret,1
83201,Tourves,2
83202,Rocbaron,2
83203,Pourrières,2
83204,Garéoult,2
83205,Pierrefeu-du-Var,2
83206,Salernes,2
83207,Saint-Tropez,2
83208,Lorgues,2
83209,Montauroux,2
83301,La Londe-les-Maures,3
83302,Cavalaire-sur-Mer,3
83303,Fayence,3
83304,Cogolin,3
83305,Vidauban,3
83306,Roquebrune-sur-Argens,3
83307,Bormes-les-Mimosas-Le Lavandou,3
83308,Gonfaron,3
83309,Le Luc,3
83310,Saint-Maximin-la-Sainte-Baume,3
83311,Sainte-Maxime,3
83401,Brignoles,4
83501,Draguignan,5
83502,Fréjus,5
84101,Mérindol,1
84102,La Motte-d'Aigues,1
84103,Sainte-Cécile-les-Vignes,1
84104,Sérignan-du-Comtat,1
84105,Bédoin,1
84106,Villelaure,1
84107,Saint-Saturnin-lès-Apt,1
84108,Mondragon,1
84109,Lapalud,1
84110,Malaucène,1
84111,Caumont-sur-Durance,1
84201,La Tour-d'Aigues,2
84202,Camaret-sur-Aigues,2
84203,Piolenc,2
84204,Vaison-la-Romaine,2
84205,Valréas,2
84301,Cadenet,3
84302,Bollène,3
84303,Apt,3
84401,Pertuis,4
85101,Moutiers-les-Mauxfaits,1
85102,Saint-Mathurin,1
85103,Saint-Michel-en-l'Herm,1
85104,Landevieille,1
85105,Longeville-sur-Mer,1
85106,L'Île-d'Olonne,1
85107,L'Aiguillon-la-Presqu'île,1
85108,Mareuil-sur-Lay-Dissais,1
85109,Angles,1
85110,Les Epesses,1
85111,Nesmy,1
85112,La Tranche-sur-Mer,1
85113,Sainte-Hermine,1
85114,L'Épine,1
85115,La Gaubretière,1
85116,L'Herbergement,1
85117,Coëx,1
85118,Treize-Septiers,1
85119,Rocheservière,1
85120,Bournezeau,1
85121,Saint-Philbert-de-Bouaine,1
85122,Les Lucs-sur-Boulogne,1
85123,Commequiers,1
85124,Chavagnes-en-Paillers,1
85125,Saint-Laurent-sur-Sèvre,1
85126,La Chaize-le-Vicomte,1
85127,Saint-Fulgent,1
85128,La Châtaigneraie,1
85129,Beauvoir-sur-Mer,1
85130,La Bruffière,1
85131,Jard-sur-Mer,1
85132,Benet,1
85133,Dompierre-sur-Yon,1
85134,Venansault,1
85135,Noirmoutier-en-l'Île,1
85136,L'Île-d'Yeu,1
85137,Mouilleron-le-Captif,1
85138,La Garnache,1
85201,Les Achards,2
85202,La Ferrière,2
85203,Pouzauges,2
85204,Chanverrie,2
85205,Mortagne-sur-Sèvre,2
85206,Bellevigny,2
85207,Sèvremont,2
85208,Aubigny-Les Clouzeaux,2
85209,Bretignolles-sur-Mer,2
85210,Talmont-Saint-Hilaire,2
85211,Chantonnay,2
85212,Le Poiré-sur-Vie,2
85213,Essarts en Bocage,2
85214,Aizenay,2
85215,Luçon,2
85301,Les Herbiers,3
85302,Fontenay-le-Comte,3
85401,Montaigu-Vendée,4
85402,Challans,4
85403,Saint-Hilaire-de-Riez,4
85404,Les Sables-d'Olonne,4
85501,La Roche-sur-Yon,5
86101,Quinçay,1
86102,Mirebeau,1
86103,Lencloître,1
86104,Lusignan,1
86105,Saint-Julien-l'Ars,1
86106,Nieuil-l'Espoir,1
86107,Nouaillé-Maupertuis,1
86108,Iteuil,1
86109,Dangé-Saint-Romain,1
86110,Gençay,1
86111,Lussac-les-Châteaux,1
86112,Montamisé,1
86113,Vouillé,1
86114,Civray,1
86115,Saint-Georges-lès-Baillargeaux,1
86116,Vivonne,1
86117,Mignaloux-Beauvoir,1
86118,Fontaine-le-Comte,1
86201,Neuville-de-Poitou,2
86202,Montmorillon,2
86203,Ligugé,2
86204,Loudun,2
86205,Chauvigny,2
86401,Châtellerault,4
86601,Poitiers,6
87101,Bosmie-l'Aiguille,1
87102,Saint-Priest-Taurion,1
87103,Rochechouart,1
87104,Saint-Léonard-de-Noblat,1
87105,Rilhac-Rancon,1
87106,Bellac,1
87201,Ambazac,2
87202,Saint-Yrieix-la-Perche,2
87203,Aixe-sur-Vienne,2
87301,Saint-Junien,3
87601,Limoges,6
88101,Liffol-le-Grand,1
88102,Vincey,1
88103,Pouxeux,1
88104,Granges-Aumontzey,1
88105,Arches,1
88106,Ban-de-Laveline,1
88107,Contrexéville,1
88108,Uxegney,1
88109,Nomexy,1
88110,Le Val-d'Ajol,1
88111,Bruyères,1
88201,Vittel,2
88202,Rambervillers,2
88203,Charmes,2
88204,Neufchâteau,2
88205,Mirecourt,2
88206,Gérardmer,2
88301,Moyenmoutier,3
88302,La Bresse,3
88303,Vagney,3
88304,Le Thillot,3
88401,Remiremont,4
88402,Saint-Dié-des-Vosges,4
88501,Épinal,5
89101,Champigny,1
89102,Chablis,1
89103,Toucy,1
89104,Saint-Julien-du-Sault,1
89105,Appoigny,1
89106,Brienon-sur-Armançon,1
89107,Pont-sur-Yonne,1
89108,Villeneuve-la-Guyard,1
89109,Saint-Florentin,1
89201,Tonnerre,2
89202,Villeneuve-sur-Yonne,2
89203,Avallon,2
89204,Joigny,2
89301,Migennes,3
89401,Sens,4
89402,Auxerre,4
90101,Rougemont-le-Château,1
90102,Roppe,1
90103,Étueffont,1
90201,Giromagny,2
90301,Delle (partie française),3
91101,Pussay,1
91102,Vert-le-Grand,1
91103,Maisse,1
91104,Vert-le-Petit,1
91105,Briis-sous-Forges,1
91106,Boissy-sous-Saint-Yon,1
91107,Tigery,1
91108,Angerville,1
91201,Boutigny-sur-Essonne,2
91202,Milly-la-Forêt,2
91203,Le Mérévillois,2
91204,Saint-Chéron,2
91205,Marolles-en-Hurepoix,2
91206,La Ferté-Alais,2
91301,Limours,3
91302,Dourdan,3
91303,Ballancourt-sur-Essonne,3
91304,Étréchy,3
91401,Étampes,4
95101,Saint-Witz,1
95102,Vémars,1
95103,Saint-Martin-du-Tertre,1
95104,Belloy-en-France,1
95105,Marines,1
95106,Presles,1
95107,Bruyères-sur-Oise,1
95201,Menucourt,2
95202,Magny-en-Vexin,2
95203,Montsoult,2
95301,Louvres,3
95302,Viarmes,3
95303,Fosses,3
9A101,Anse-Bertrand,1
9A201,Grand-Bourg,2
9A202,Port-Louis,2
9A203,Pointe-Noire,2
9A204,Bouillante,2
9A301,Sainte-Rose,3
9A401,Capesterre-Belle-Eau,4
9A501,Basse-Terre,5
9A701,Pointe-à-Pitre-Les Abymes,7
9B101,Basse-Pointe,1
9B102,Le Carbet,1
9B103,Saint-Pierre,1
9B201,Le Morne-Rouge,2
9B202,Le Diamant,2
9B203,Le Lorrain,2
9B204,Les Trois-Îlets,2
9B401,Sainte-Marie,4
9B402,Le Lamentin,4
9B601,Fort-de-France,6
9B602,Le Robert,6
9C101,Sinnamary,1
9C102,Saint-Georges,1
9C301,Mana,3
9C302,Maripasoula,3
9C303,Macouria,3
9C401,Kourou,4
9C402,Saint-Laurent-du-Maroni,4
9C601,Cayenne,6
9D201,Cilaos,2
9D202,Sainte-Rose,2
9D203,La Plaine-des-Palmistes,2
9D204,Les Trois-Bassins,2
9D301,Bras-Panon,3
9D401,Sainte-Suzanne,4
9D402,L'Étang-Salé,4
9D403,Saint-Leu,4
9D404,Saint-Benoît,4
9D405,Saint-Joseph,4
9D501,Saint-Louis,5
9D502,Saint-André,5
9D601,Saint-Pierre,6
9D602,Saint-Paul,6
9D603,Saint-Denis,6
9F201,Acoua,2
9F202,Kani-Kéli,2
9F203,Bouéni,2
9F204,M'Tsangamouji,2
9F205,Mtsamboro,2
9F206,Chiconi,2
9F207,Chirongui,2
9F301,Ouangani,3
9F302,Bandrele,3
9F303,Sada,3
9F304,Tsingoni,3
9F305,Bandraboua,3
9F306,Dembeni,3
9F401,Dzaoudzi,4
9F601,Mamoudzou,6
